customer_id,alert_id,alert_date,alert_type,alert_amount_usd,alert_outcome,time_to_disposition_days,customer_risk_tier,country
CUST00000,ALERT000000,2023-11-02,velocity,2982,false_positive,20,low,AU
CUST00001,ALERT000001,2023-10-26,rapid_in_outflow,2974,false_positive,15,medium,BR
CUST00002,ALERT000002,2023-04-09,structuring,1025,false_positive,4,low,HK
CUST00003,ALERT000003,2023-04-14,large_value,846,false_positive,25,low,SG
CUST00004,ALERT000004,2023-02-20,large_value,1090,false_positive,16,medium,US
CUST00005,ALERT000005,2023-12-28,rapid_in_outflow,1446,false_positive,22,low,US
CUST00006,ALERT000006,2023-04-22,large_value,4301,true_positive,24,medium,BR
CUST00007,ALERT000007,2023-09-01,rapid_in_outflow,1345,false_positive,8,high,FR
CUST00008,ALERT000008,2023-06-18,high_risk_jurisdiction,17094,false_positive,7,low,US
CUST00009,ALERT000009,2023-03-13,high_risk_jurisdiction,8326,false_positive,19,high,AU
CUST00010,ALERT000010,2023-05-19,structuring,6689,true_positive,26,low,DE
CUST00011,ALERT000011,2023-12-02,structuring,2644,false_positive,17,medium,HK
CUST00012,ALERT000012,2023-08-19,structuring,13551,false_positive,21,low,JP
CUST00013,ALERT000013,2023-08-27,high_risk_jurisdiction,2397,false_positive,13,low,AU
CUST00014,ALERT000014,2023-09-10,high_risk_jurisdiction,2889,true_positive,15,low,GB
CUST00015,ALERT000015,2023-02-18,high_risk_jurisdiction,3533,true_positive,26,low,JP
CUST00016,ALERT000016,2023-10-30,velocity,6013,false_positive,26,low,US
CUST00017,ALERT000017,2023-03-13,rapid_in_outflow,5635,false_positive,2,high,GB
CUST00018,ALERT000018,2023-09-20,large_value,1853,false_positive,28,medium,JP
CUST00019,ALERT000019,2023-11-18,structuring,1749,true_positive,10,low,IN
CUST00020,ALERT000020,2023-08-10,rapid_in_outflow,5652,false_positive,13,low,SG
CUST00021,ALERT000021,2023-03-18,velocity,6095,true_positive,18,medium,AU
CUST00022,ALERT000022,2023-03-03,velocity,2011,false_positive,23,low,GB
CUST00023,ALERT000023,2023-06-06,large_value,609,false_positive,11,low,BR
CUST00024,ALERT000024,2023-10-21,large_value,2422,false_positive,13,low,SG
CUST00025,ALERT000025,2023-05-05,high_risk_jurisdiction,5560,false_positive,19,low,JP
CUST00026,ALERT000026,2023-08-17,structuring,18131,true_positive,29,low,FR
CUST00027,ALERT000027,2023-12-06,rapid_in_outflow,899,false_positive,24,medium,BR
CUST00028,ALERT000028,2023-06-10,structuring,1945,false_positive,25,medium,AU
CUST00029,ALERT000029,2023-01-29,high_risk_jurisdiction,2019,true_positive,29,low,IN
CUST00030,ALERT000030,2023-04-24,rapid_in_outflow,11565,false_positive,24,high,GB
CUST00031,ALERT000031,2023-03-20,large_value,2878,true_positive,22,low,DE
CUST00032,ALERT000032,2023-01-23,structuring,1203,true_positive,5,low,GB
CUST00033,ALERT000033,2023-04-16,rapid_in_outflow,5211,false_positive,3,low,SG
CUST00034,ALERT000034,2023-05-11,velocity,1988,false_positive,19,low,GB
CUST00035,ALERT000035,2023-12-23,high_risk_jurisdiction,876,false_positive,23,low,SG
CUST00036,ALERT000036,2023-06-22,high_risk_jurisdiction,1220,false_positive,13,low,BR
CUST00037,ALERT000037,2023-09-21,velocity,16882,true_positive,5,low,GB
CUST00038,ALERT000038,2023-12-08,velocity,4377,false_positive,12,low,BR
CUST00039,ALERT000039,2023-10-12,rapid_in_outflow,3320,false_positive,14,medium,IN
CUST00040,ALERT000040,2023-01-02,rapid_in_outflow,2321,true_positive,6,medium,IN
CUST00041,ALERT000041,2023-08-21,structuring,3992,false_positive,22,low,SG
CUST00042,ALERT000042,2023-09-08,high_risk_jurisdiction,3945,true_positive,9,medium,JP
CUST00043,ALERT000043,2023-11-17,large_value,3992,false_positive,17,high,IN
CUST00044,ALERT000044,2023-04-18,velocity,3343,false_positive,8,medium,HK
CUST00045,ALERT000045,2023-10-03,large_value,7106,false_positive,26,low,GB
CUST00046,ALERT000046,2023-06-29,large_value,3050,false_positive,13,low,HK
CUST00047,ALERT000047,2023-08-01,large_value,1121,false_positive,29,medium,GB
CUST00048,ALERT000048,2023-10-20,structuring,1615,false_positive,5,low,US
CUST00049,ALERT000049,2023-03-13,structuring,411,true_positive,29,low,BR
CUST00050,ALERT000050,2023-10-10,rapid_in_outflow,22625,false_positive,22,low,SG
CUST00051,ALERT000051,2023-06-24,rapid_in_outflow,7063,false_positive,22,medium,AU
CUST00052,ALERT000052,2023-05-03,rapid_in_outflow,1299,false_positive,17,medium,AU
CUST00053,ALERT000053,2023-08-15,structuring,2248,false_positive,3,low,FR
CUST00054,ALERT000054,2023-10-28,large_value,1576,false_positive,28,low,JP
CUST00055,ALERT000055,2023-03-24,velocity,13940,false_positive,6,high,SG
CUST00056,ALERT000056,2023-09-10,rapid_in_outflow,720,true_positive,14,low,IN
CUST00057,ALERT000057,2023-05-26,velocity,3342,true_positive,15,low,DE
CUST00058,ALERT000058,2023-04-30,large_value,2674,true_positive,14,low,JP
CUST00059,ALERT000059,2023-03-06,structuring,6814,true_positive,11,medium,JP
CUST00060,ALERT000060,2023-10-08,rapid_in_outflow,2686,false_positive,11,medium,DE
CUST00061,ALERT000061,2023-10-10,large_value,513,false_positive,9,high,BR
CUST00062,ALERT000062,2023-04-16,velocity,2318,false_positive,6,low,JP
CUST00063,ALERT000063,2023-10-27,velocity,1127,false_positive,15,low,US
CUST00064,ALERT000064,2023-04-17,high_risk_jurisdiction,3227,false_positive,12,low,JP
CUST00065,ALERT000065,2023-02-05,structuring,12508,true_positive,29,medium,FR
CUST00066,ALERT000066,2023-05-27,high_risk_jurisdiction,523,false_positive,6,low,HK
CUST00067,ALERT000067,2023-09-19,velocity,1339,false_positive,1,low,AU
CUST00068,ALERT000068,2023-06-08,rapid_in_outflow,1715,true_positive,25,medium,BR
CUST00069,ALERT000069,2023-09-22,high_risk_jurisdiction,2035,false_positive,16,low,SG
CUST00070,ALERT000070,2023-07-21,high_risk_jurisdiction,6248,false_positive,20,low,IN
CUST00071,ALERT000071,2023-06-04,rapid_in_outflow,2506,false_positive,15,medium,US
CUST00072,ALERT000072,2023-01-13,velocity,4517,true_positive,2,low,BR
CUST00073,ALERT000073,2023-10-24,large_value,1594,false_positive,17,low,HK
CUST00074,ALERT000074,2023-11-18,large_value,3751,false_positive,3,low,FR
CUST00075,ALERT000075,2023-03-26,high_risk_jurisdiction,6488,false_positive,3,low,HK
CUST00076,ALERT000076,2023-10-07,structuring,1433,false_positive,5,low,SG
CUST00077,ALERT000077,2023-09-02,large_value,6511,true_positive,17,medium,DE
CUST00078,ALERT000078,2023-10-27,rapid_in_outflow,3141,false_positive,23,low,IN
CUST00079,ALERT000079,2023-12-28,velocity,8479,true_positive,29,high,DE
CUST00080,ALERT000080,2023-12-20,rapid_in_outflow,2437,false_positive,17,low,GB
CUST00081,ALERT000081,2023-11-12,structuring,4364,false_positive,20,low,FR
CUST00082,ALERT000082,2023-01-09,structuring,2862,true_positive,6,low,IN
CUST00083,ALERT000083,2023-09-04,high_risk_jurisdiction,2707,true_positive,1,medium,SG
CUST00084,ALERT000084,2023-11-08,velocity,3861,false_positive,7,low,BR
CUST00085,ALERT000085,2023-10-05,structuring,5099,true_positive,26,medium,AU
CUST00086,ALERT000086,2023-08-26,high_risk_jurisdiction,854,false_positive,15,medium,IN
CUST00087,ALERT000087,2023-07-22,high_risk_jurisdiction,12501,false_positive,7,high,BR
CUST00088,ALERT000088,2023-09-04,structuring,464,false_positive,19,medium,BR
CUST00089,ALERT000089,2023-08-23,high_risk_jurisdiction,1502,false_positive,20,low,GB
CUST00090,ALERT000090,2023-03-22,velocity,2712,true_positive,22,medium,US
CUST00091,ALERT000091,2023-12-22,rapid_in_outflow,4502,false_positive,11,high,FR
CUST00092,ALERT000092,2023-01-13,rapid_in_outflow,14417,false_positive,23,high,FR
CUST00093,ALERT000093,2023-11-23,rapid_in_outflow,464,false_positive,14,low,GB
CUST00094,ALERT000094,2023-01-16,large_value,1794,false_positive,13,medium,DE
CUST00095,ALERT000095,2023-02-14,large_value,355,false_positive,20,low,DE
CUST00096,ALERT000096,2023-11-17,velocity,3076,false_positive,26,low,SG
CUST00097,ALERT000097,2023-05-19,structuring,3911,false_positive,27,medium,US
CUST00098,ALERT000098,2023-11-22,structuring,14629,true_positive,25,high,BR
CUST00099,ALERT000099,2023-05-28,structuring,3363,true_positive,9,low,JP
CUST00100,ALERT000100,2023-12-21,velocity,8467,true_positive,9,medium,JP
CUST00101,ALERT000101,2023-08-24,high_risk_jurisdiction,5344,false_positive,16,low,DE
CUST00102,ALERT000102,2023-07-10,velocity,1928,false_positive,12,low,GB
CUST00103,ALERT000103,2023-04-11,rapid_in_outflow,728,false_positive,10,low,US
CUST00104,ALERT000104,2023-04-15,velocity,3924,false_positive,6,low,HK
CUST00105,ALERT000105,2023-09-07,structuring,670,true_positive,18,medium,AU
CUST00106,ALERT000106,2023-04-04,rapid_in_outflow,10885,false_positive,2,low,US
CUST00107,ALERT000107,2023-08-08,high_risk_jurisdiction,2534,false_positive,27,low,SG
CUST00108,ALERT000108,2023-10-25,high_risk_jurisdiction,9849,true_positive,20,low,BR
CUST00109,ALERT000109,2023-12-05,large_value,1844,true_positive,9,low,BR
CUST00110,ALERT000110,2023-05-13,high_risk_jurisdiction,3900,false_positive,19,high,FR
CUST00111,ALERT000111,2023-12-27,rapid_in_outflow,3675,true_positive,6,low,IN
CUST00112,ALERT000112,2023-06-04,large_value,2849,false_positive,2,low,IN
CUST00113,ALERT000113,2023-01-28,velocity,1933,false_positive,15,medium,FR
CUST00114,ALERT000114,2023-10-09,structuring,4413,false_positive,17,low,SG
CUST00115,ALERT000115,2023-04-26,velocity,1180,false_positive,16,medium,BR
CUST00116,ALERT000116,2023-11-01,structuring,889,false_positive,28,low,IN
CUST00117,ALERT000117,2023-08-22,rapid_in_outflow,10330,true_positive,21,low,IN
CUST00118,ALERT000118,2023-01-01,high_risk_jurisdiction,6168,false_positive,8,high,AU
CUST00119,ALERT000119,2023-12-14,structuring,3183,false_positive,10,medium,IN
CUST00120,ALERT000120,2023-08-28,velocity,15758,false_positive,10,low,BR
CUST00121,ALERT000121,2023-02-27,rapid_in_outflow,2280,false_positive,18,medium,SG
CUST00122,ALERT000122,2023-12-01,velocity,11189,true_positive,10,high,HK
CUST00123,ALERT000123,2023-07-02,velocity,3553,true_positive,9,low,DE
CUST00124,ALERT000124,2023-12-03,structuring,1069,true_positive,28,low,US
CUST00125,ALERT000125,2023-01-26,velocity,18921,false_positive,24,low,GB
CUST00126,ALERT000126,2023-03-18,rapid_in_outflow,8028,false_positive,19,low,JP
CUST00127,ALERT000127,2023-08-05,velocity,2641,false_positive,1,low,US
CUST00128,ALERT000128,2023-11-24,structuring,6168,true_positive,4,medium,AU
CUST00129,ALERT000129,2023-11-21,large_value,1990,false_positive,24,low,IN
CUST00130,ALERT000130,2023-09-19,velocity,6830,false_positive,3,medium,SG
CUST00131,ALERT000131,2023-01-23,high_risk_jurisdiction,272,false_positive,10,low,HK
CUST00132,ALERT000132,2023-09-01,high_risk_jurisdiction,1075,true_positive,12,low,JP
CUST00133,ALERT000133,2023-06-07,high_risk_jurisdiction,7936,true_positive,18,medium,FR
CUST00134,ALERT000134,2023-07-25,large_value,2322,false_positive,23,low,HK
CUST00135,ALERT000135,2023-11-06,high_risk_jurisdiction,3668,false_positive,20,low,DE
CUST00136,ALERT000136,2023-03-28,velocity,775,false_positive,6,low,IN
CUST00137,ALERT000137,2023-09-24,large_value,18917,false_positive,21,medium,GB
CUST00138,ALERT000138,2023-05-14,rapid_in_outflow,9803,true_positive,2,low,JP
CUST00139,ALERT000139,2023-09-24,large_value,2438,false_positive,10,low,IN
CUST00140,ALERT000140,2023-11-29,high_risk_jurisdiction,1988,false_positive,2,high,JP
CUST00141,ALERT000141,2023-09-25,structuring,8346,true_positive,9,high,GB
CUST00142,ALERT000142,2023-02-22,structuring,21643,true_positive,27,low,DE
CUST00143,ALERT000143,2023-04-09,velocity,7736,true_positive,10,low,FR
CUST00144,ALERT000144,2023-09-04,structuring,26155,true_positive,2,medium,BR
CUST00145,ALERT000145,2023-02-05,rapid_in_outflow,1185,true_positive,8,medium,SG
CUST00146,ALERT000146,2023-01-28,velocity,1313,false_positive,24,low,HK
CUST00147,ALERT000147,2023-08-08,structuring,907,false_positive,17,low,US
CUST00148,ALERT000148,2023-04-12,high_risk_jurisdiction,4636,true_positive,17,medium,FR
CUST00149,ALERT000149,2023-09-20,structuring,3553,true_positive,29,high,FR
CUST00150,ALERT000150,2023-09-28,velocity,2560,false_positive,4,medium,AU
CUST00151,ALERT000151,2023-08-12,structuring,6695,true_positive,18,low,JP
CUST00152,ALERT000152,2023-05-19,rapid_in_outflow,10222,true_positive,12,low,JP
CUST00153,ALERT000153,2023-10-07,structuring,648,false_positive,17,medium,AU
CUST00154,ALERT000154,2023-10-13,large_value,1640,false_positive,9,low,HK
CUST00155,ALERT000155,2023-09-07,rapid_in_outflow,6769,true_positive,29,low,JP
CUST00156,ALERT000156,2023-11-18,high_risk_jurisdiction,1867,false_positive,19,low,BR
CUST00157,ALERT000157,2023-11-13,large_value,1341,false_positive,14,low,SG
CUST00158,ALERT000158,2023-03-19,large_value,8254,true_positive,14,low,US
CUST00159,ALERT000159,2023-10-24,large_value,820,false_positive,17,medium,US
CUST00160,ALERT000160,2023-12-04,structuring,2204,false_positive,2,medium,GB
CUST00161,ALERT000161,2023-11-03,velocity,4140,false_positive,8,high,GB
CUST00162,ALERT000162,2023-12-17,velocity,1679,false_positive,5,medium,SG
CUST00163,ALERT000163,2023-01-13,rapid_in_outflow,6523,false_positive,27,low,IN
CUST00164,ALERT000164,2023-12-12,high_risk_jurisdiction,1687,true_positive,7,low,IN
CUST00165,ALERT000165,2023-03-23,velocity,12193,false_positive,22,low,FR
CUST00166,ALERT000166,2023-01-09,large_value,2628,false_positive,29,low,FR
CUST00167,ALERT000167,2023-08-01,structuring,5832,true_positive,16,high,AU
CUST00168,ALERT000168,2023-02-17,structuring,6285,true_positive,16,low,DE
CUST00169,ALERT000169,2023-02-18,large_value,1591,false_positive,17,low,GB
CUST00170,ALERT000170,2023-11-05,velocity,382,false_positive,22,low,DE
CUST00171,ALERT000171,2023-02-09,velocity,4275,true_positive,27,low,JP
CUST00172,ALERT000172,2023-12-29,large_value,3204,false_positive,7,medium,US
CUST00173,ALERT000173,2023-10-07,large_value,5196,true_positive,20,low,FR
CUST00174,ALERT000174,2023-08-14,large_value,2376,false_positive,8,low,IN
CUST00175,ALERT000175,2023-04-18,rapid_in_outflow,1938,false_positive,8,low,SG
CUST00176,ALERT000176,2023-09-02,high_risk_jurisdiction,22213,false_positive,23,high,GB
CUST00177,ALERT000177,2023-09-12,high_risk_jurisdiction,683,false_positive,11,low,US
CUST00178,ALERT000178,2023-02-02,rapid_in_outflow,6210,false_positive,15,low,HK
CUST00179,ALERT000179,2023-01-23,velocity,1678,true_positive,18,low,SG
CUST00180,ALERT000180,2023-11-29,rapid_in_outflow,2130,false_positive,6,low,DE
CUST00181,ALERT000181,2023-02-23,large_value,2170,true_positive,22,low,BR
CUST00182,ALERT000182,2023-11-05,rapid_in_outflow,1334,false_positive,12,medium,DE
CUST00183,ALERT000183,2023-02-18,high_risk_jurisdiction,5277,false_positive,15,medium,GB
CUST00184,ALERT000184,2023-03-19,high_risk_jurisdiction,11975,true_positive,28,medium,SG
CUST00185,ALERT000185,2023-12-02,rapid_in_outflow,4769,false_positive,23,low,BR
CUST00186,ALERT000186,2023-12-24,large_value,3305,false_positive,6,low,JP
CUST00187,ALERT000187,2023-05-02,velocity,1111,false_positive,18,low,HK
CUST00188,ALERT000188,2023-12-25,velocity,4998,false_positive,24,low,DE
CUST00189,ALERT000189,2023-03-31,rapid_in_outflow,25754,true_positive,20,low,HK
CUST00190,ALERT000190,2023-12-12,rapid_in_outflow,2037,true_positive,9,low,SG
CUST00191,ALERT000191,2023-07-12,structuring,2046,false_positive,8,medium,US
CUST00192,ALERT000192,2023-09-01,structuring,1700,false_positive,14,medium,SG
CUST00193,ALERT000193,2023-05-29,rapid_in_outflow,1827,false_positive,19,medium,IN
CUST00194,ALERT000194,2023-05-26,velocity,191,false_positive,19,medium,BR
CUST00195,ALERT000195,2023-11-12,high_risk_jurisdiction,4469,false_positive,8,low,US
CUST00196,ALERT000196,2023-05-21,high_risk_jurisdiction,1279,false_positive,2,low,DE
CUST00197,ALERT000197,2023-10-13,structuring,595,false_positive,25,low,JP
CUST00198,ALERT000198,2023-12-05,velocity,6330,false_positive,4,low,HK
CUST00199,ALERT000199,2023-04-21,structuring,1010,false_positive,6,low,SG
CUST00200,ALERT000200,2023-04-18,large_value,2124,false_positive,3,low,AU
CUST00201,ALERT000201,2023-10-08,rapid_in_outflow,12918,true_positive,3,low,GB
CUST00202,ALERT000202,2023-02-19,high_risk_jurisdiction,728,false_positive,19,medium,DE
CUST00203,ALERT000203,2023-01-14,rapid_in_outflow,643,false_positive,11,medium,GB
CUST00204,ALERT000204,2023-05-14,structuring,3902,false_positive,29,low,US
CUST00205,ALERT000205,2023-03-17,velocity,9409,true_positive,10,low,IN
CUST00206,ALERT000206,2023-03-25,structuring,617,true_positive,12,low,DE
CUST00207,ALERT000207,2023-12-09,velocity,4481,false_positive,14,medium,IN
CUST00208,ALERT000208,2023-06-07,rapid_in_outflow,5329,true_positive,28,low,IN
CUST00209,ALERT000209,2023-10-13,velocity,380,false_positive,18,medium,JP
CUST00210,ALERT000210,2023-11-10,structuring,6624,false_positive,24,low,US
CUST00211,ALERT000211,2023-04-04,rapid_in_outflow,7162,false_positive,9,low,SG
CUST00212,ALERT000212,2023-10-24,structuring,2182,false_positive,15,low,AU
CUST00213,ALERT000213,2023-04-04,large_value,10429,true_positive,24,low,BR
CUST00214,ALERT000214,2023-02-26,structuring,9287,false_positive,26,low,IN
CUST00215,ALERT000215,2023-06-13,high_risk_jurisdiction,3304,false_positive,3,medium,US
CUST00216,ALERT000216,2023-11-16,rapid_in_outflow,1897,false_positive,23,low,JP
CUST00217,ALERT000217,2023-04-08,structuring,1126,false_positive,11,low,DE
CUST00218,ALERT000218,2023-01-16,structuring,2871,false_positive,10,high,FR
CUST00219,ALERT000219,2023-12-10,rapid_in_outflow,5269,false_positive,18,low,FR
CUST00220,ALERT000220,2023-03-19,large_value,2155,false_positive,4,low,AU
CUST00221,ALERT000221,2023-12-12,high_risk_jurisdiction,331,false_positive,28,low,JP
CUST00222,ALERT000222,2023-03-13,high_risk_jurisdiction,10601,true_positive,13,medium,US
CUST00223,ALERT000223,2023-09-27,velocity,3605,false_positive,29,medium,JP
CUST00224,ALERT000224,2023-10-14,velocity,2039,false_positive,6,low,BR
CUST00225,ALERT000225,2023-03-07,high_risk_jurisdiction,7024,true_positive,27,high,BR
CUST00226,ALERT000226,2023-03-09,structuring,13692,false_positive,21,medium,SG
CUST00227,ALERT000227,2023-07-12,high_risk_jurisdiction,180,false_positive,13,low,FR
CUST00228,ALERT000228,2023-02-24,structuring,4602,false_positive,25,medium,FR
CUST00229,ALERT000229,2023-06-17,rapid_in_outflow,715,false_positive,26,low,BR
CUST00230,ALERT000230,2023-01-25,rapid_in_outflow,4910,false_positive,20,medium,JP
CUST00231,ALERT000231,2023-05-11,structuring,3387,false_positive,5,low,AU
CUST00232,ALERT000232,2023-11-21,large_value,5629,false_positive,20,medium,AU
CUST00233,ALERT000233,2023-04-12,structuring,1809,false_positive,14,low,IN
CUST00234,ALERT000234,2023-10-09,velocity,457,false_positive,13,medium,DE
CUST00235,ALERT000235,2023-10-23,rapid_in_outflow,1900,false_positive,14,low,FR
CUST00236,ALERT000236,2023-10-21,high_risk_jurisdiction,4477,false_positive,8,medium,BR
CUST00237,ALERT000237,2023-09-20,velocity,8228,true_positive,16,low,JP
CUST00238,ALERT000238,2023-04-30,structuring,923,false_positive,13,high,US
CUST00239,ALERT000239,2023-08-19,rapid_in_outflow,8325,true_positive,24,medium,DE
CUST00240,ALERT000240,2023-10-18,rapid_in_outflow,1559,false_positive,15,low,AU
CUST00241,ALERT000241,2023-06-10,structuring,4283,false_positive,19,high,GB
CUST00242,ALERT000242,2023-06-10,high_risk_jurisdiction,1790,false_positive,1,low,GB
CUST00243,ALERT000243,2023-03-19,large_value,3576,false_positive,22,medium,JP
CUST00244,ALERT000244,2023-02-07,rapid_in_outflow,7272,true_positive,2,medium,HK
CUST00245,ALERT000245,2023-01-28,velocity,873,false_positive,18,low,HK
CUST00246,ALERT000246,2023-04-10,structuring,1510,false_positive,19,high,FR
CUST00247,ALERT000247,2023-10-21,velocity,3586,false_positive,8,low,US
CUST00248,ALERT000248,2023-05-04,structuring,32911,false_positive,3,low,IN
CUST00249,ALERT000249,2023-04-02,velocity,1257,false_positive,23,medium,JP
CUST00250,ALERT000250,2023-09-12,rapid_in_outflow,22928,true_positive,26,medium,GB
CUST00251,ALERT000251,2023-04-07,structuring,22124,true_positive,14,low,GB
CUST00252,ALERT000252,2023-01-06,large_value,2704,false_positive,26,low,US
CUST00253,ALERT000253,2023-06-18,structuring,2212,false_positive,9,medium,FR
CUST00254,ALERT000254,2023-09-28,high_risk_jurisdiction,1492,false_positive,29,low,HK
CUST00255,ALERT000255,2023-04-18,rapid_in_outflow,2784,false_positive,8,high,SG
CUST00256,ALERT000256,2023-10-26,velocity,730,false_positive,17,medium,FR
CUST00257,ALERT000257,2023-02-16,velocity,2762,false_positive,23,low,FR
CUST00258,ALERT000258,2023-04-09,large_value,13318,false_positive,23,low,AU
CUST00259,ALERT000259,2023-01-14,structuring,1617,true_positive,24,low,IN
CUST00260,ALERT000260,2023-07-13,rapid_in_outflow,2343,false_positive,16,low,IN
CUST00261,ALERT000261,2023-06-06,high_risk_jurisdiction,543,false_positive,10,medium,GB
CUST00262,ALERT000262,2023-06-03,velocity,4333,true_positive,21,high,IN
CUST00263,ALERT000263,2023-04-25,rapid_in_outflow,3883,false_positive,10,low,GB
CUST00264,ALERT000264,2023-09-15,velocity,3177,false_positive,25,low,FR
CUST00265,ALERT000265,2023-05-25,large_value,2399,false_positive,25,low,US
CUST00266,ALERT000266,2023-10-18,structuring,2224,false_positive,24,medium,SG
CUST00267,ALERT000267,2023-01-10,structuring,4924,false_positive,6,medium,US
CUST00268,ALERT000268,2023-08-02,rapid_in_outflow,2896,false_positive,22,medium,FR
CUST00269,ALERT000269,2023-08-21,rapid_in_outflow,4084,false_positive,17,low,BR
CUST00270,ALERT000270,2023-06-20,velocity,3695,false_positive,29,medium,JP
CUST00271,ALERT000271,2023-01-21,structuring,9167,false_positive,16,low,HK
CUST00272,ALERT000272,2023-01-15,rapid_in_outflow,5866,false_positive,15,medium,JP
CUST00273,ALERT000273,2023-05-06,high_risk_jurisdiction,3615,false_positive,22,medium,SG
CUST00274,ALERT000274,2023-12-07,large_value,13608,false_positive,14,medium,IN
CUST00275,ALERT000275,2023-12-07,rapid_in_outflow,4538,false_positive,4,low,JP
CUST00276,ALERT000276,2023-08-01,high_risk_jurisdiction,10992,false_positive,4,medium,IN
CUST00277,ALERT000277,2023-07-07,large_value,5469,false_positive,2,low,FR
CUST00278,ALERT000278,2023-06-21,velocity,472,false_positive,29,medium,SG
CUST00279,ALERT000279,2023-09-04,structuring,10991,false_positive,11,low,AU
CUST00280,ALERT000280,2023-01-05,velocity,3412,false_positive,4,low,HK
CUST00281,ALERT000281,2023-08-19,structuring,2830,false_positive,21,low,HK
CUST00282,ALERT000282,2023-07-20,velocity,3949,false_positive,29,medium,BR
CUST00283,ALERT000283,2023-05-29,high_risk_jurisdiction,2111,true_positive,28,low,AU
CUST00284,ALERT000284,2023-03-13,structuring,3740,false_positive,21,medium,GB
CUST00285,ALERT000285,2023-08-14,velocity,1649,true_positive,16,medium,HK
CUST00286,ALERT000286,2023-03-15,structuring,10660,true_positive,21,medium,DE
CUST00287,ALERT000287,2023-11-03,large_value,2660,false_positive,4,low,GB
CUST00288,ALERT000288,2023-06-18,structuring,2033,true_positive,1,medium,HK
CUST00289,ALERT000289,2023-09-06,velocity,1182,false_positive,26,low,FR
CUST00290,ALERT000290,2023-10-07,structuring,3900,true_positive,24,low,SG
CUST00291,ALERT000291,2023-06-01,high_risk_jurisdiction,3594,true_positive,19,low,SG
CUST00292,ALERT000292,2023-08-12,structuring,4395,false_positive,2,low,DE
CUST00293,ALERT000293,2023-08-13,velocity,1067,false_positive,9,low,FR
CUST00294,ALERT000294,2023-02-07,large_value,601,false_positive,23,low,DE
CUST00295,ALERT000295,2023-02-13,structuring,5572,false_positive,25,low,IN
CUST00296,ALERT000296,2023-07-04,rapid_in_outflow,13156,false_positive,13,low,US
CUST00297,ALERT000297,2023-08-29,structuring,1068,true_positive,18,low,HK
CUST00298,ALERT000298,2023-11-27,structuring,14609,false_positive,16,low,FR
CUST00299,ALERT000299,2023-12-17,large_value,3959,true_positive,16,high,US
CUST00300,ALERT000300,2023-07-29,rapid_in_outflow,2959,true_positive,25,low,US
CUST00301,ALERT000301,2023-01-23,structuring,2003,false_positive,10,low,SG
CUST00302,ALERT000302,2023-05-04,large_value,746,false_positive,9,low,SG
CUST00303,ALERT000303,2023-03-27,rapid_in_outflow,8004,false_positive,11,low,AU
CUST00304,ALERT000304,2023-02-12,velocity,1372,false_positive,25,low,IN
CUST00305,ALERT000305,2023-02-09,rapid_in_outflow,1366,false_positive,26,low,FR
CUST00306,ALERT000306,2023-10-30,high_risk_jurisdiction,8037,false_positive,29,high,BR
CUST00307,ALERT000307,2023-06-18,velocity,453,false_positive,26,medium,FR
CUST00308,ALERT000308,2023-06-24,rapid_in_outflow,649,false_positive,4,medium,IN
CUST00309,ALERT000309,2023-01-20,rapid_in_outflow,2927,false_positive,10,high,SG
CUST00310,ALERT000310,2023-04-19,structuring,3996,false_positive,3,high,SG
CUST00311,ALERT000311,2023-07-12,structuring,4840,true_positive,6,medium,HK
CUST00312,ALERT000312,2023-09-01,velocity,2204,true_positive,3,medium,JP
CUST00313,ALERT000313,2023-11-20,velocity,37435,false_positive,27,low,SG
CUST00314,ALERT000314,2023-10-07,structuring,2373,false_positive,9,low,DE
CUST00315,ALERT000315,2023-08-16,rapid_in_outflow,2366,false_positive,3,low,HK
CUST00316,ALERT000316,2023-02-05,large_value,1343,false_positive,18,low,GB
CUST00317,ALERT000317,2023-02-14,rapid_in_outflow,3374,true_positive,8,high,JP
CUST00318,ALERT000318,2023-01-28,large_value,5513,true_positive,22,low,JP
CUST00319,ALERT000319,2023-06-03,structuring,9932,true_positive,8,medium,DE
CUST00320,ALERT000320,2023-01-23,structuring,672,false_positive,15,low,JP
CUST00321,ALERT000321,2023-07-26,large_value,2330,false_positive,13,low,BR
CUST00322,ALERT000322,2023-04-01,velocity,4659,false_positive,7,low,SG
CUST00323,ALERT000323,2023-12-25,rapid_in_outflow,5361,false_positive,19,low,SG
CUST00324,ALERT000324,2023-02-07,high_risk_jurisdiction,3000,false_positive,8,low,HK
CUST00325,ALERT000325,2023-08-16,structuring,5127,false_positive,10,low,IN
CUST00326,ALERT000326,2023-07-21,high_risk_jurisdiction,1327,false_positive,17,low,DE
CUST00327,ALERT000327,2023-12-16,high_risk_jurisdiction,14156,false_positive,1,low,SG
CUST00328,ALERT000328,2023-11-05,large_value,8043,false_positive,13,medium,US
CUST00329,ALERT000329,2023-09-11,high_risk_jurisdiction,776,false_positive,29,low,AU
CUST00330,ALERT000330,2023-02-07,structuring,1017,false_positive,26,low,SG
CUST00331,ALERT000331,2023-08-09,velocity,1046,false_positive,13,low,FR
CUST00332,ALERT000332,2023-07-06,high_risk_jurisdiction,5872,true_positive,24,low,US
CUST00333,ALERT000333,2023-02-12,high_risk_jurisdiction,824,true_positive,16,low,IN
CUST00334,ALERT000334,2023-12-25,structuring,2140,true_positive,29,low,US
CUST00335,ALERT000335,2023-04-24,velocity,4697,true_positive,9,low,JP
CUST00336,ALERT000336,2023-09-17,rapid_in_outflow,2790,false_positive,10,medium,AU
CUST00337,ALERT000337,2023-01-05,high_risk_jurisdiction,3861,false_positive,6,low,GB
CUST00338,ALERT000338,2023-03-09,structuring,1026,false_positive,5,low,AU
CUST00339,ALERT000339,2023-08-16,structuring,5403,true_positive,2,low,SG
CUST00340,ALERT000340,2023-05-03,large_value,1614,false_positive,11,low,HK
CUST00341,ALERT000341,2023-06-22,structuring,2154,false_positive,9,low,BR
CUST00342,ALERT000342,2023-12-02,large_value,3780,true_positive,6,medium,IN
CUST00343,ALERT000343,2023-06-02,high_risk_jurisdiction,3304,false_positive,8,medium,HK
CUST00344,ALERT000344,2023-09-24,high_risk_jurisdiction,3053,false_positive,9,low,SG
CUST00345,ALERT000345,2023-06-06,velocity,1407,false_positive,9,high,HK
CUST00346,ALERT000346,2023-06-11,high_risk_jurisdiction,2209,false_positive,8,low,FR
CUST00347,ALERT000347,2023-08-02,rapid_in_outflow,2987,true_positive,12,medium,US
CUST00348,ALERT000348,2023-01-26,rapid_in_outflow,753,false_positive,26,medium,BR
CUST00349,ALERT000349,2023-10-19,velocity,1877,false_positive,8,medium,SG
CUST00350,ALERT000350,2023-07-08,large_value,4392,false_positive,3,low,JP
CUST00351,ALERT000351,2023-05-02,high_risk_jurisdiction,830,false_positive,13,low,IN
CUST00352,ALERT000352,2023-08-18,large_value,9476,false_positive,19,low,JP
CUST00353,ALERT000353,2023-02-28,structuring,10610,true_positive,2,low,US
CUST00354,ALERT000354,2023-04-06,high_risk_jurisdiction,858,true_positive,17,low,BR
CUST00355,ALERT000355,2023-09-19,rapid_in_outflow,11586,false_positive,16,low,US
CUST00356,ALERT000356,2023-12-20,rapid_in_outflow,2582,true_positive,4,low,DE
CUST00357,ALERT000357,2023-11-08,velocity,4530,false_positive,18,medium,JP
CUST00358,ALERT000358,2023-05-16,high_risk_jurisdiction,1814,false_positive,14,low,US
CUST00359,ALERT000359,2023-12-16,structuring,7502,false_positive,2,medium,US
CUST00360,ALERT000360,2023-10-10,velocity,4474,false_positive,13,low,HK
CUST00361,ALERT000361,2023-04-30,velocity,1320,false_positive,27,medium,SG
CUST00362,ALERT000362,2023-01-25,rapid_in_outflow,929,false_positive,27,low,HK
CUST00363,ALERT000363,2023-12-08,velocity,692,false_positive,21,low,DE
CUST00364,ALERT000364,2023-05-26,large_value,3597,false_positive,20,medium,AU
CUST00365,ALERT000365,2023-01-12,rapid_in_outflow,5284,false_positive,17,low,AU
CUST00366,ALERT000366,2023-03-28,velocity,5715,false_positive,15,low,HK
CUST00367,ALERT000367,2023-04-19,rapid_in_outflow,2649,false_positive,25,low,GB
CUST00368,ALERT000368,2023-12-11,rapid_in_outflow,937,false_positive,20,low,JP
CUST00369,ALERT000369,2023-09-23,rapid_in_outflow,1507,true_positive,5,low,HK
CUST00370,ALERT000370,2023-08-10,structuring,9436,true_positive,7,low,FR
CUST00371,ALERT000371,2023-03-15,high_risk_jurisdiction,1836,true_positive,18,medium,FR
CUST00372,ALERT000372,2023-11-29,structuring,3440,true_positive,24,medium,IN
CUST00373,ALERT000373,2023-11-06,velocity,1016,false_positive,11,low,DE
CUST00374,ALERT000374,2023-04-12,structuring,4173,true_positive,18,medium,DE
CUST00375,ALERT000375,2023-05-17,rapid_in_outflow,1886,false_positive,27,low,HK
CUST00376,ALERT000376,2023-07-10,velocity,8490,false_positive,26,low,BR
CUST00377,ALERT000377,2023-05-22,rapid_in_outflow,6461,true_positive,5,low,US
CUST00378,ALERT000378,2023-12-23,large_value,1815,false_positive,13,medium,SG
CUST00379,ALERT000379,2023-03-14,large_value,2626,false_positive,28,low,US
CUST00380,ALERT000380,2023-11-24,high_risk_jurisdiction,1717,true_positive,18,medium,US
CUST00381,ALERT000381,2023-06-16,large_value,720,false_positive,2,low,DE
CUST00382,ALERT000382,2023-06-17,large_value,1264,false_positive,20,high,DE
CUST00383,ALERT000383,2023-02-23,rapid_in_outflow,3634,false_positive,4,medium,FR
CUST00384,ALERT000384,2023-09-16,rapid_in_outflow,4126,false_positive,13,low,DE
CUST00385,ALERT000385,2023-04-21,structuring,3458,false_positive,24,medium,HK
CUST00386,ALERT000386,2023-08-20,velocity,2204,false_positive,29,low,FR
CUST00387,ALERT000387,2023-06-10,structuring,7578,true_positive,16,low,JP
CUST00388,ALERT000388,2023-12-18,rapid_in_outflow,3176,false_positive,6,low,US
CUST00389,ALERT000389,2023-11-23,rapid_in_outflow,6022,false_positive,26,low,JP
CUST00390,ALERT000390,2023-01-19,velocity,505,false_positive,8,medium,US
CUST00391,ALERT000391,2023-10-17,large_value,59,false_positive,16,low,US
CUST00392,ALERT000392,2023-02-19,velocity,3959,false_positive,13,low,IN
CUST00393,ALERT000393,2023-06-24,large_value,717,false_positive,23,low,US
CUST00394,ALERT000394,2023-10-29,velocity,2410,false_positive,29,low,BR
CUST00395,ALERT000395,2023-07-03,rapid_in_outflow,2203,false_positive,26,low,JP
CUST00396,ALERT000396,2023-07-04,high_risk_jurisdiction,14579,false_positive,4,medium,US
CUST00397,ALERT000397,2023-12-05,structuring,4447,false_positive,2,high,GB
CUST00398,ALERT000398,2023-11-03,high_risk_jurisdiction,3518,false_positive,9,low,GB
CUST00399,ALERT000399,2023-11-06,rapid_in_outflow,6884,false_positive,18,low,GB
CUST00400,ALERT000400,2023-12-12,high_risk_jurisdiction,4309,true_positive,17,low,HK
CUST00401,ALERT000401,2023-03-22,structuring,1886,false_positive,8,medium,FR
CUST00402,ALERT000402,2023-06-05,large_value,8703,false_positive,26,low,JP
CUST00403,ALERT000403,2023-10-02,large_value,982,false_positive,15,low,US
CUST00404,ALERT000404,2023-10-10,high_risk_jurisdiction,4118,false_positive,9,medium,AU
CUST00405,ALERT000405,2023-09-06,large_value,634,false_positive,17,low,FR
CUST00406,ALERT000406,2023-05-27,structuring,3655,false_positive,23,low,AU
CUST00407,ALERT000407,2023-01-07,rapid_in_outflow,3615,true_positive,2,medium,SG
CUST00408,ALERT000408,2023-06-06,high_risk_jurisdiction,15937,false_positive,6,low,BR
CUST00409,ALERT000409,2023-06-20,large_value,623,true_positive,29,low,SG
CUST00410,ALERT000410,2023-03-10,high_risk_jurisdiction,1634,false_positive,27,low,DE
CUST00411,ALERT000411,2023-04-04,large_value,6786,false_positive,5,low,FR
CUST00412,ALERT000412,2023-12-29,large_value,4168,false_positive,17,low,AU
CUST00413,ALERT000413,2023-07-05,large_value,3569,false_positive,2,high,IN
CUST00414,ALERT000414,2023-06-19,velocity,1145,false_positive,18,low,US
CUST00415,ALERT000415,2023-07-23,large_value,1651,false_positive,10,medium,HK
CUST00416,ALERT000416,2023-02-11,structuring,10353,true_positive,10,low,JP
CUST00417,ALERT000417,2023-01-13,large_value,2831,false_positive,6,low,US
CUST00418,ALERT000418,2023-06-03,large_value,4338,false_positive,27,low,JP
CUST00419,ALERT000419,2023-10-01,high_risk_jurisdiction,2656,false_positive,12,low,IN
CUST00420,ALERT000420,2023-10-25,high_risk_jurisdiction,913,false_positive,17,low,US
CUST00421,ALERT000421,2023-02-20,velocity,7584,false_positive,27,low,BR
CUST00422,ALERT000422,2023-07-31,velocity,4930,true_positive,13,low,DE
CUST00423,ALERT000423,2023-05-24,structuring,29900,true_positive,20,low,GB
CUST00424,ALERT000424,2023-12-23,structuring,1079,true_positive,28,high,IN
CUST00425,ALERT000425,2023-01-03,high_risk_jurisdiction,6785,false_positive,16,low,DE
CUST00426,ALERT000426,2023-09-11,rapid_in_outflow,803,false_positive,10,low,US
CUST00427,ALERT000427,2023-12-01,velocity,3488,false_positive,27,low,AU
CUST00428,ALERT000428,2023-09-13,structuring,7914,true_positive,21,low,DE
CUST00429,ALERT000429,2023-04-08,high_risk_jurisdiction,375,false_positive,2,medium,HK
CUST00430,ALERT000430,2023-06-22,rapid_in_outflow,2428,true_positive,2,low,DE
CUST00431,ALERT000431,2023-05-30,large_value,1697,false_positive,23,low,SG
CUST00432,ALERT000432,2023-10-06,velocity,1477,false_positive,7,low,BR
CUST00433,ALERT000433,2023-02-28,rapid_in_outflow,4381,true_positive,6,medium,IN
CUST00434,ALERT000434,2023-04-23,high_risk_jurisdiction,9142,true_positive,1,low,GB
CUST00435,ALERT000435,2023-11-20,large_value,2608,false_positive,12,low,US
CUST00436,ALERT000436,2023-08-31,velocity,3660,true_positive,13,low,IN
CUST00437,ALERT000437,2023-11-06,large_value,3341,false_positive,12,low,FR
CUST00438,ALERT000438,2023-02-26,velocity,2986,false_positive,19,low,IN
CUST00439,ALERT000439,2023-03-01,large_value,1002,true_positive,9,medium,HK
CUST00440,ALERT000440,2023-11-25,velocity,9031,true_positive,10,medium,IN
CUST00441,ALERT000441,2023-08-04,structuring,4004,false_positive,17,low,FR
CUST00442,ALERT000442,2023-08-21,large_value,4424,false_positive,18,low,DE
CUST00443,ALERT000443,2023-02-24,high_risk_jurisdiction,1330,false_positive,8,low,SG
CUST00444,ALERT000444,2023-07-27,rapid_in_outflow,1883,false_positive,7,low,DE
CUST00445,ALERT000445,2023-03-04,large_value,2499,false_positive,9,low,DE
CUST00446,ALERT000446,2023-07-03,velocity,642,false_positive,10,low,FR
CUST00447,ALERT000447,2023-11-07,high_risk_jurisdiction,551,false_positive,12,high,JP
CUST00448,ALERT000448,2023-10-08,rapid_in_outflow,1634,false_positive,15,low,GB
CUST00449,ALERT000449,2023-01-26,large_value,5026,true_positive,15,high,FR
CUST00450,ALERT000450,2023-06-26,rapid_in_outflow,1551,false_positive,28,low,DE
CUST00451,ALERT000451,2023-03-04,velocity,1076,false_positive,4,low,IN
CUST00452,ALERT000452,2023-03-14,rapid_in_outflow,1319,false_positive,4,low,GB
CUST00453,ALERT000453,2023-12-01,velocity,1890,false_positive,23,medium,US
CUST00454,ALERT000454,2023-06-16,velocity,2092,true_positive,1,low,AU
CUST00455,ALERT000455,2023-08-13,large_value,25991,false_positive,26,medium,US
CUST00456,ALERT000456,2023-03-06,large_value,8557,true_positive,12,medium,HK
CUST00457,ALERT000457,2023-03-10,velocity,8306,false_positive,25,medium,DE
CUST00458,ALERT000458,2023-01-09,rapid_in_outflow,9590,true_positive,2,medium,IN
CUST00459,ALERT000459,2023-08-24,large_value,1097,true_positive,15,medium,JP
CUST00460,ALERT000460,2023-07-17,rapid_in_outflow,877,true_positive,17,medium,SG
CUST00461,ALERT000461,2023-06-22,high_risk_jurisdiction,985,false_positive,7,low,SG
CUST00462,ALERT000462,2023-10-09,structuring,11322,false_positive,6,medium,GB
CUST00463,ALERT000463,2023-01-28,large_value,1724,false_positive,12,medium,JP
CUST00464,ALERT000464,2023-10-23,large_value,852,false_positive,19,low,AU
CUST00465,ALERT000465,2023-05-14,velocity,1937,false_positive,1,high,US
CUST00466,ALERT000466,2023-01-27,structuring,2348,true_positive,28,low,AU
CUST00467,ALERT000467,2023-02-07,high_risk_jurisdiction,3898,false_positive,21,low,BR
CUST00468,ALERT000468,2023-07-15,structuring,3831,true_positive,26,low,US
CUST00469,ALERT000469,2023-07-22,high_risk_jurisdiction,1302,false_positive,14,low,US
CUST00470,ALERT000470,2023-03-26,structuring,5917,true_positive,4,medium,US
CUST00471,ALERT000471,2023-11-16,rapid_in_outflow,1573,false_positive,5,high,IN
CUST00472,ALERT000472,2023-01-30,rapid_in_outflow,2549,true_positive,1,medium,FR
CUST00473,ALERT000473,2023-04-09,structuring,5924,false_positive,1,high,IN
CUST00474,ALERT000474,2023-07-09,high_risk_jurisdiction,1568,false_positive,21,low,SG
CUST00475,ALERT000475,2023-01-12,velocity,1686,false_positive,6,low,IN
CUST00476,ALERT000476,2023-04-01,rapid_in_outflow,5386,true_positive,5,low,AU
CUST00477,ALERT000477,2023-01-30,velocity,1264,false_positive,2,medium,IN
CUST00478,ALERT000478,2023-08-01,velocity,2028,false_positive,25,low,FR
CUST00479,ALERT000479,2023-02-07,rapid_in_outflow,5196,false_positive,21,high,GB
CUST00480,ALERT000480,2023-12-07,structuring,23250,false_positive,27,medium,JP
CUST00481,ALERT000481,2023-03-01,high_risk_jurisdiction,5461,false_positive,27,high,GB
CUST00482,ALERT000482,2023-10-21,velocity,4782,false_positive,5,low,BR
CUST00483,ALERT000483,2023-12-26,high_risk_jurisdiction,5068,false_positive,26,low,SG
CUST00484,ALERT000484,2023-05-23,structuring,1019,false_positive,9,medium,BR
CUST00485,ALERT000485,2023-06-29,high_risk_jurisdiction,3346,false_positive,19,medium,BR
CUST00486,ALERT000486,2023-10-12,rapid_in_outflow,2893,true_positive,21,low,JP
CUST00487,ALERT000487,2023-04-22,large_value,4111,false_positive,15,high,JP
CUST00488,ALERT000488,2023-08-18,high_risk_jurisdiction,3349,false_positive,13,medium,FR
CUST00489,ALERT000489,2023-01-21,structuring,4357,false_positive,12,low,FR
CUST00490,ALERT000490,2023-05-25,structuring,2183,false_positive,5,low,GB
CUST00491,ALERT000491,2023-05-26,structuring,3160,false_positive,2,low,FR
CUST00492,ALERT000492,2023-11-12,rapid_in_outflow,873,false_positive,27,low,FR
CUST00493,ALERT000493,2023-06-15,high_risk_jurisdiction,2164,false_positive,4,medium,HK
CUST00494,ALERT000494,2023-05-20,large_value,11978,false_positive,27,low,DE
CUST00495,ALERT000495,2023-07-22,velocity,4100,false_positive,27,medium,GB
CUST00496,ALERT000496,2023-09-01,velocity,2919,false_positive,18,medium,JP
CUST00497,ALERT000497,2023-04-23,high_risk_jurisdiction,19853,true_positive,21,low,GB
CUST00498,ALERT000498,2023-07-20,large_value,764,false_positive,10,low,JP
CUST00499,ALERT000499,2023-11-10,large_value,982,false_positive,13,low,IN
CUST00500,ALERT000500,2023-09-16,structuring,16526,false_positive,12,low,DE
CUST00501,ALERT000501,2023-09-12,structuring,3121,false_positive,2,low,HK
CUST00502,ALERT000502,2023-01-23,structuring,2338,true_positive,26,high,HK
CUST00503,ALERT000503,2023-09-03,rapid_in_outflow,898,false_positive,15,low,AU
CUST00504,ALERT000504,2023-12-05,structuring,4664,false_positive,14,low,SG
CUST00505,ALERT000505,2023-11-07,structuring,5138,true_positive,25,low,JP
CUST00506,ALERT000506,2023-11-14,rapid_in_outflow,997,false_positive,10,low,SG
CUST00507,ALERT000507,2023-03-28,high_risk_jurisdiction,2590,false_positive,22,low,IN
CUST00508,ALERT000508,2023-08-07,large_value,2131,false_positive,8,medium,HK
CUST00509,ALERT000509,2023-12-22,high_risk_jurisdiction,3850,false_positive,25,low,IN
CUST00510,ALERT000510,2023-01-27,velocity,973,false_positive,15,high,BR
CUST00511,ALERT000511,2023-10-17,high_risk_jurisdiction,10424,false_positive,13,low,DE
CUST00512,ALERT000512,2023-10-16,velocity,7448,false_positive,8,medium,AU
CUST00513,ALERT000513,2023-12-14,high_risk_jurisdiction,2073,false_positive,21,medium,IN
CUST00514,ALERT000514,2023-08-11,large_value,2400,true_positive,21,low,AU
CUST00515,ALERT000515,2023-12-18,high_risk_jurisdiction,2600,true_positive,22,low,DE
CUST00516,ALERT000516,2023-06-27,high_risk_jurisdiction,1368,false_positive,14,low,GB
CUST00517,ALERT000517,2023-05-28,rapid_in_outflow,1913,false_positive,1,medium,IN
CUST00518,ALERT000518,2023-08-15,large_value,2274,false_positive,13,medium,FR
CUST00519,ALERT000519,2023-12-17,high_risk_jurisdiction,14956,true_positive,27,low,US
CUST00520,ALERT000520,2023-07-05,large_value,7681,false_positive,8,low,HK
CUST00521,ALERT000521,2023-10-21,large_value,7590,false_positive,18,medium,HK
CUST00522,ALERT000522,2023-02-10,high_risk_jurisdiction,4315,false_positive,22,high,HK
CUST00523,ALERT000523,2023-07-10,rapid_in_outflow,975,false_positive,9,medium,GB
CUST00524,ALERT000524,2023-03-20,velocity,2859,false_positive,13,medium,US
CUST00525,ALERT000525,2023-07-24,rapid_in_outflow,7867,false_positive,3,low,DE
CUST00526,ALERT000526,2023-10-05,structuring,847,false_positive,18,medium,GB
CUST00527,ALERT000527,2023-09-29,high_risk_jurisdiction,5633,false_positive,10,medium,HK
CUST00528,ALERT000528,2023-02-01,structuring,30412,true_positive,5,medium,HK
CUST00529,ALERT000529,2023-05-22,rapid_in_outflow,8619,false_positive,27,low,SG
CUST00530,ALERT000530,2023-09-08,velocity,12259,false_positive,25,low,AU
CUST00531,ALERT000531,2023-10-21,high_risk_jurisdiction,3708,false_positive,6,low,AU
CUST00532,ALERT000532,2023-04-08,velocity,7847,false_positive,8,low,SG
CUST00533,ALERT000533,2023-05-16,rapid_in_outflow,1454,false_positive,24,low,BR
CUST00534,ALERT000534,2023-10-04,large_value,6606,false_positive,7,medium,SG
CUST00535,ALERT000535,2023-11-08,structuring,5735,false_positive,21,low,AU
CUST00536,ALERT000536,2023-10-29,large_value,3983,false_positive,18,low,HK
CUST00537,ALERT000537,2023-02-12,high_risk_jurisdiction,11114,true_positive,14,medium,FR
CUST00538,ALERT000538,2023-04-30,large_value,1739,false_positive,15,medium,AU
CUST00539,ALERT000539,2023-08-08,structuring,2472,true_positive,10,low,US
CUST00540,ALERT000540,2023-02-15,velocity,3279,false_positive,26,low,FR
CUST00541,ALERT000541,2023-08-24,high_risk_jurisdiction,1064,false_positive,21,high,GB
CUST00542,ALERT000542,2023-02-17,velocity,3740,false_positive,12,medium,AU
CUST00543,ALERT000543,2023-07-17,high_risk_jurisdiction,534,false_positive,7,low,DE
CUST00544,ALERT000544,2023-03-25,high_risk_jurisdiction,8492,false_positive,28,low,IN
CUST00545,ALERT000545,2023-01-31,velocity,3123,false_positive,28,low,IN
CUST00546,ALERT000546,2023-06-10,velocity,1770,true_positive,7,medium,US
CUST00547,ALERT000547,2023-03-12,structuring,1294,false_positive,11,low,JP
CUST00548,ALERT000548,2023-01-08,rapid_in_outflow,2357,false_positive,13,low,IN
CUST00549,ALERT000549,2023-02-21,high_risk_jurisdiction,5932,false_positive,15,low,US
CUST00550,ALERT000550,2023-02-14,rapid_in_outflow,5155,false_positive,18,medium,JP
CUST00551,ALERT000551,2023-10-20,high_risk_jurisdiction,1472,false_positive,7,low,GB
CUST00552,ALERT000552,2023-10-27,high_risk_jurisdiction,1279,false_positive,6,low,JP
CUST00553,ALERT000553,2023-02-07,velocity,5749,false_positive,23,high,DE
CUST00554,ALERT000554,2023-12-21,velocity,1447,false_positive,11,low,AU
CUST00555,ALERT000555,2023-08-19,high_risk_jurisdiction,3165,false_positive,8,low,IN
CUST00556,ALERT000556,2023-09-19,large_value,3373,true_positive,20,medium,HK
CUST00557,ALERT000557,2023-03-09,velocity,4072,true_positive,1,low,SG
CUST00558,ALERT000558,2023-06-28,large_value,7032,false_positive,8,medium,AU
CUST00559,ALERT000559,2023-12-23,structuring,843,false_positive,8,low,GB
CUST00560,ALERT000560,2023-07-05,large_value,440,false_positive,19,low,GB
CUST00561,ALERT000561,2023-07-20,rapid_in_outflow,1690,false_positive,3,high,US
CUST00562,ALERT000562,2023-01-13,velocity,18061,true_positive,5,low,BR
CUST00563,ALERT000563,2023-08-02,large_value,22520,true_positive,3,medium,JP
CUST00564,ALERT000564,2023-08-08,high_risk_jurisdiction,18604,true_positive,15,low,JP
CUST00565,ALERT000565,2023-10-13,rapid_in_outflow,2457,false_positive,14,low,US
CUST00566,ALERT000566,2023-09-01,velocity,501,false_positive,21,medium,SG
CUST00567,ALERT000567,2023-12-22,velocity,286,false_positive,15,low,HK
CUST00568,ALERT000568,2023-09-15,rapid_in_outflow,1613,false_positive,24,low,GB
CUST00569,ALERT000569,2023-02-27,large_value,2445,false_positive,17,low,AU
CUST00570,ALERT000570,2023-02-05,structuring,10944,true_positive,18,low,SG
CUST00571,ALERT000571,2023-11-24,rapid_in_outflow,7099,false_positive,2,medium,HK
CUST00572,ALERT000572,2023-07-12,structuring,3742,false_positive,12,medium,BR
CUST00573,ALERT000573,2023-11-29,large_value,1224,false_positive,16,medium,AU
CUST00574,ALERT000574,2023-02-19,large_value,1140,false_positive,4,medium,US
CUST00575,ALERT000575,2023-02-01,structuring,3843,false_positive,25,low,AU
CUST00576,ALERT000576,2023-04-08,rapid_in_outflow,5985,true_positive,2,low,DE
CUST00577,ALERT000577,2023-02-12,velocity,4411,false_positive,28,medium,BR
CUST00578,ALERT000578,2023-12-17,large_value,1059,false_positive,14,low,US
CUST00579,ALERT000579,2023-11-30,rapid_in_outflow,5713,true_positive,11,low,US
CUST00580,ALERT000580,2023-11-06,velocity,4563,false_positive,13,high,US
CUST00581,ALERT000581,2023-02-16,high_risk_jurisdiction,1021,false_positive,28,low,IN
CUST00582,ALERT000582,2023-09-27,structuring,1360,false_positive,25,low,SG
CUST00583,ALERT000583,2023-11-07,large_value,5934,false_positive,7,low,HK
CUST00584,ALERT000584,2023-03-04,structuring,2357,false_positive,10,medium,JP
CUST00585,ALERT000585,2023-01-19,structuring,14605,true_positive,24,low,GB
CUST00586,ALERT000586,2023-12-13,rapid_in_outflow,4920,true_positive,1,low,GB
CUST00587,ALERT000587,2023-04-11,velocity,1832,true_positive,29,high,DE
CUST00588,ALERT000588,2023-02-06,structuring,2950,true_positive,21,medium,DE
CUST00589,ALERT000589,2023-04-17,rapid_in_outflow,3176,true_positive,25,medium,DE
CUST00590,ALERT000590,2023-04-02,high_risk_jurisdiction,1438,true_positive,28,low,FR
CUST00591,ALERT000591,2023-11-04,high_risk_jurisdiction,1196,false_positive,4,low,DE
CUST00592,ALERT000592,2023-07-04,large_value,6011,true_positive,18,low,GB
CUST00593,ALERT000593,2023-08-04,high_risk_jurisdiction,6941,false_positive,6,low,BR
CUST00594,ALERT000594,2023-01-28,rapid_in_outflow,5452,false_positive,2,low,HK
CUST00595,ALERT000595,2023-02-05,high_risk_jurisdiction,13565,false_positive,3,low,DE
CUST00596,ALERT000596,2023-11-16,structuring,1734,false_positive,14,low,BR
CUST00597,ALERT000597,2023-01-18,high_risk_jurisdiction,15903,true_positive,8,medium,FR
CUST00598,ALERT000598,2023-12-11,velocity,1210,false_positive,16,medium,FR
CUST00599,ALERT000599,2023-07-15,rapid_in_outflow,1082,true_positive,19,low,JP
CUST00600,ALERT000600,2023-03-19,high_risk_jurisdiction,512,false_positive,18,low,IN
CUST00601,ALERT000601,2023-06-16,structuring,1908,true_positive,6,low,IN
CUST00602,ALERT000602,2023-03-31,high_risk_jurisdiction,1801,false_positive,14,low,AU
CUST00603,ALERT000603,2023-09-21,high_risk_jurisdiction,5043,true_positive,3,low,IN
CUST00604,ALERT000604,2023-07-27,large_value,3804,true_positive,16,low,AU
CUST00605,ALERT000605,2023-07-31,rapid_in_outflow,904,false_positive,1,medium,SG
CUST00606,ALERT000606,2023-09-28,rapid_in_outflow,2012,false_positive,12,medium,IN
CUST00607,ALERT000607,2023-09-20,velocity,2056,false_positive,14,medium,FR
CUST00608,ALERT000608,2023-09-30,rapid_in_outflow,504,false_positive,19,medium,JP
CUST00609,ALERT000609,2023-12-08,velocity,1117,false_positive,22,medium,BR
CUST00610,ALERT000610,2023-08-02,structuring,1379,true_positive,19,medium,DE
CUST00611,ALERT000611,2023-03-05,rapid_in_outflow,12501,false_positive,9,low,IN
CUST00612,ALERT000612,2023-01-12,high_risk_jurisdiction,3609,false_positive,7,low,AU
CUST00613,ALERT000613,2023-07-29,velocity,5780,true_positive,14,medium,BR
CUST00614,ALERT000614,2023-11-08,velocity,666,false_positive,5,low,US
CUST00615,ALERT000615,2023-06-23,large_value,9840,false_positive,18,medium,GB
CUST00616,ALERT000616,2023-09-13,rapid_in_outflow,10950,true_positive,9,high,IN
CUST00617,ALERT000617,2023-04-11,rapid_in_outflow,404,false_positive,21,medium,GB
CUST00618,ALERT000618,2023-01-16,large_value,1472,false_positive,7,low,IN
CUST00619,ALERT000619,2023-07-16,high_risk_jurisdiction,4894,false_positive,9,low,US
CUST00620,ALERT000620,2023-09-15,velocity,5678,true_positive,4,medium,DE
CUST00621,ALERT000621,2023-09-01,rapid_in_outflow,1512,false_positive,25,high,SG
CUST00622,ALERT000622,2023-12-14,structuring,2196,false_positive,17,low,HK
CUST00623,ALERT000623,2023-09-06,structuring,1640,false_positive,12,medium,BR
CUST00624,ALERT000624,2023-04-15,rapid_in_outflow,3328,false_positive,6,medium,BR
CUST00625,ALERT000625,2023-07-01,large_value,9869,true_positive,18,low,DE
CUST00626,ALERT000626,2023-06-04,structuring,1378,false_positive,8,medium,JP
CUST00627,ALERT000627,2023-10-14,velocity,8109,false_positive,21,low,FR
CUST00628,ALERT000628,2023-06-18,structuring,1364,true_positive,15,low,IN
CUST00629,ALERT000629,2023-02-16,large_value,1277,false_positive,3,low,HK
CUST00630,ALERT000630,2023-02-12,rapid_in_outflow,6758,false_positive,2,medium,JP
CUST00631,ALERT000631,2023-11-17,large_value,7494,false_positive,24,medium,HK
CUST00632,ALERT000632,2023-11-02,high_risk_jurisdiction,6984,false_positive,23,low,FR
CUST00633,ALERT000633,2023-08-09,structuring,799,false_positive,9,medium,GB
CUST00634,ALERT000634,2023-01-01,large_value,1870,true_positive,8,medium,IN
CUST00635,ALERT000635,2023-07-19,velocity,6788,false_positive,27,medium,FR
CUST00636,ALERT000636,2023-05-24,high_risk_jurisdiction,3107,false_positive,4,low,BR
CUST00637,ALERT000637,2023-01-28,structuring,1018,true_positive,2,low,BR
CUST00638,ALERT000638,2023-12-08,velocity,4714,false_positive,14,low,IN
CUST00639,ALERT000639,2023-12-04,large_value,1458,false_positive,29,medium,SG
CUST00640,ALERT000640,2023-10-05,velocity,17935,true_positive,2,low,DE
CUST00641,ALERT000641,2023-02-10,large_value,13972,true_positive,2,high,DE
CUST00642,ALERT000642,2023-11-28,rapid_in_outflow,5453,true_positive,27,medium,BR
CUST00643,ALERT000643,2023-05-27,velocity,11626,true_positive,28,medium,BR
CUST00644,ALERT000644,2023-12-11,velocity,3180,true_positive,22,medium,FR
CUST00645,ALERT000645,2023-06-27,high_risk_jurisdiction,6408,false_positive,7,low,US
CUST00646,ALERT000646,2023-11-11,high_risk_jurisdiction,13065,false_positive,12,medium,AU
CUST00647,ALERT000647,2023-11-21,structuring,3810,false_positive,6,low,SG
CUST00648,ALERT000648,2023-06-16,velocity,2309,false_positive,18,medium,JP
CUST00649,ALERT000649,2023-05-03,large_value,542,false_positive,4,medium,AU
CUST00650,ALERT000650,2023-03-15,velocity,2743,true_positive,19,medium,FR
CUST00651,ALERT000651,2023-08-27,high_risk_jurisdiction,6791,false_positive,27,medium,AU
CUST00652,ALERT000652,2023-09-06,high_risk_jurisdiction,7674,false_positive,13,low,AU
CUST00653,ALERT000653,2023-09-20,high_risk_jurisdiction,4936,false_positive,20,low,FR
CUST00654,ALERT000654,2023-09-09,high_risk_jurisdiction,1734,false_positive,21,medium,BR
CUST00655,ALERT000655,2023-12-23,velocity,412,false_positive,23,low,BR
CUST00656,ALERT000656,2023-04-21,high_risk_jurisdiction,1816,false_positive,25,low,IN
CUST00657,ALERT000657,2023-06-29,velocity,2198,false_positive,27,low,AU
CUST00658,ALERT000658,2023-07-07,large_value,2179,false_positive,2,low,JP
CUST00659,ALERT000659,2023-11-04,structuring,5533,false_positive,8,low,FR
CUST00660,ALERT000660,2023-07-26,velocity,21713,true_positive,19,medium,JP
CUST00661,ALERT000661,2023-08-22,structuring,3372,false_positive,9,medium,HK
CUST00662,ALERT000662,2023-01-24,structuring,2400,false_positive,26,low,DE
CUST00663,ALERT000663,2023-01-26,high_risk_jurisdiction,2300,false_positive,28,high,IN
CUST00664,ALERT000664,2023-08-06,velocity,3375,true_positive,4,low,DE
CUST00665,ALERT000665,2023-12-12,velocity,1302,false_positive,16,low,IN
CUST00666,ALERT000666,2023-01-10,large_value,3361,false_positive,19,medium,SG
CUST00667,ALERT000667,2023-01-17,velocity,4678,true_positive,10,medium,FR
CUST00668,ALERT000668,2023-09-02,high_risk_jurisdiction,3676,true_positive,6,low,DE
CUST00669,ALERT000669,2023-07-25,rapid_in_outflow,4710,false_positive,16,high,JP
CUST00670,ALERT000670,2023-09-15,velocity,4599,true_positive,10,high,FR
CUST00671,ALERT000671,2023-04-22,high_risk_jurisdiction,506,false_positive,13,low,JP
CUST00672,ALERT000672,2023-07-24,velocity,5635,true_positive,9,low,AU
CUST00673,ALERT000673,2023-01-27,rapid_in_outflow,1523,false_positive,7,medium,DE
CUST00674,ALERT000674,2023-03-12,large_value,996,false_positive,4,low,AU
CUST00675,ALERT000675,2023-06-25,high_risk_jurisdiction,987,false_positive,19,low,BR
CUST00676,ALERT000676,2023-07-21,large_value,4598,true_positive,26,medium,HK
CUST00677,ALERT000677,2023-09-05,structuring,2386,false_positive,4,low,SG
CUST00678,ALERT000678,2023-04-28,rapid_in_outflow,554,false_positive,19,low,SG
CUST00679,ALERT000679,2023-01-09,high_risk_jurisdiction,4808,false_positive,28,low,DE
CUST00680,ALERT000680,2023-03-27,large_value,706,false_positive,19,medium,GB
CUST00681,ALERT000681,2023-01-23,rapid_in_outflow,3428,false_positive,12,low,HK
CUST00682,ALERT000682,2023-08-28,structuring,3783,true_positive,13,low,US
CUST00683,ALERT000683,2023-03-14,large_value,7226,false_positive,25,low,IN
CUST00684,ALERT000684,2023-01-27,structuring,17706,false_positive,4,low,SG
CUST00685,ALERT000685,2023-12-15,velocity,761,false_positive,25,high,FR
CUST00686,ALERT000686,2023-03-22,structuring,2828,false_positive,28,high,BR
CUST00687,ALERT000687,2023-03-25,velocity,2261,false_positive,10,low,AU
CUST00688,ALERT000688,2023-07-18,large_value,4599,false_positive,21,medium,US
CUST00689,ALERT000689,2023-02-12,rapid_in_outflow,3698,true_positive,7,medium,FR
CUST00690,ALERT000690,2023-09-20,velocity,2095,false_positive,5,medium,DE
CUST00691,ALERT000691,2023-04-02,structuring,1918,false_positive,17,low,HK
CUST00692,ALERT000692,2023-12-05,structuring,976,false_positive,18,low,SG
CUST00693,ALERT000693,2023-03-25,structuring,8005,true_positive,11,medium,IN
CUST00694,ALERT000694,2023-10-27,high_risk_jurisdiction,4718,true_positive,15,low,US
CUST00695,ALERT000695,2023-10-23,large_value,7463,false_positive,21,low,SG
CUST00696,ALERT000696,2023-05-15,structuring,2185,true_positive,22,medium,GB
CUST00697,ALERT000697,2023-10-08,structuring,1545,false_positive,7,high,GB
CUST00698,ALERT000698,2023-02-28,high_risk_jurisdiction,1014,false_positive,18,low,GB
CUST00699,ALERT000699,2023-12-25,velocity,4268,false_positive,26,medium,BR
CUST00700,ALERT000700,2023-12-08,rapid_in_outflow,1053,false_positive,25,low,AU
CUST00701,ALERT000701,2023-08-29,rapid_in_outflow,18933,true_positive,6,medium,DE
CUST00702,ALERT000702,2023-12-08,velocity,806,false_positive,18,low,FR
CUST00703,ALERT000703,2023-04-08,structuring,3919,true_positive,16,low,SG
CUST00704,ALERT000704,2023-03-03,high_risk_jurisdiction,14283,true_positive,2,low,FR
CUST00705,ALERT000705,2023-09-21,large_value,5426,false_positive,19,low,FR
CUST00706,ALERT000706,2023-04-23,rapid_in_outflow,3553,false_positive,1,low,SG
CUST00707,ALERT000707,2023-05-26,structuring,1131,false_positive,25,low,AU
CUST00708,ALERT000708,2023-08-04,rapid_in_outflow,748,false_positive,26,medium,BR
CUST00709,ALERT000709,2023-09-13,velocity,6438,false_positive,11,low,BR
CUST00710,ALERT000710,2023-11-12,velocity,13442,false_positive,20,medium,HK
CUST00711,ALERT000711,2023-11-12,velocity,1922,false_positive,5,low,DE
CUST00712,ALERT000712,2023-12-28,rapid_in_outflow,954,false_positive,16,medium,HK
CUST00713,ALERT000713,2023-09-15,structuring,255,false_positive,23,low,AU
CUST00714,ALERT000714,2023-07-13,rapid_in_outflow,1117,false_positive,1,low,FR
CUST00715,ALERT000715,2023-12-13,large_value,2660,false_positive,19,low,DE
CUST00716,ALERT000716,2023-01-14,large_value,14751,false_positive,14,low,HK
CUST00717,ALERT000717,2023-10-31,rapid_in_outflow,5843,false_positive,3,medium,HK
CUST00718,ALERT000718,2023-04-13,velocity,4044,true_positive,2,medium,GB
CUST00719,ALERT000719,2023-09-02,rapid_in_outflow,1997,false_positive,24,low,BR
CUST00720,ALERT000720,2023-09-02,rapid_in_outflow,1663,false_positive,5,low,JP
CUST00721,ALERT000721,2023-11-08,velocity,12156,true_positive,17,low,HK
CUST00722,ALERT000722,2023-09-25,large_value,3643,true_positive,28,low,US
CUST00723,ALERT000723,2023-08-12,structuring,364,false_positive,18,medium,GB
CUST00724,ALERT000724,2023-08-08,rapid_in_outflow,1519,false_positive,1,low,FR
CUST00725,ALERT000725,2023-11-07,large_value,1263,false_positive,15,low,IN
CUST00726,ALERT000726,2023-08-05,velocity,1726,true_positive,22,low,BR
CUST00727,ALERT000727,2023-01-04,large_value,5233,false_positive,9,low,AU
CUST00728,ALERT000728,2023-02-05,high_risk_jurisdiction,2677,false_positive,27,low,SG
CUST00729,ALERT000729,2023-06-27,rapid_in_outflow,2760,true_positive,23,low,AU
CUST00730,ALERT000730,2023-09-14,large_value,11086,true_positive,5,low,GB
CUST00731,ALERT000731,2023-01-17,large_value,1485,false_positive,28,low,US
CUST00732,ALERT000732,2023-07-18,large_value,19229,false_positive,13,low,AU
CUST00733,ALERT000733,2023-11-14,large_value,1523,false_positive,19,medium,US
CUST00734,ALERT000734,2023-02-17,structuring,3259,false_positive,28,low,SG
CUST00735,ALERT000735,2023-03-03,high_risk_jurisdiction,2250,false_positive,28,low,IN
CUST00736,ALERT000736,2023-03-10,rapid_in_outflow,3372,false_positive,24,low,BR
CUST00737,ALERT000737,2023-05-27,high_risk_jurisdiction,4649,false_positive,10,low,BR
CUST00738,ALERT000738,2023-12-25,velocity,4600,false_positive,20,low,JP
CUST00739,ALERT000739,2023-06-11,velocity,1403,false_positive,25,medium,US
CUST00740,ALERT000740,2023-08-15,structuring,969,false_positive,21,medium,SG
CUST00741,ALERT000741,2023-12-13,velocity,36430,true_positive,14,low,HK
CUST00742,ALERT000742,2023-08-18,rapid_in_outflow,1837,false_positive,22,medium,HK
CUST00743,ALERT000743,2023-06-27,rapid_in_outflow,5998,false_positive,21,low,FR
CUST00744,ALERT000744,2023-12-11,structuring,597,true_positive,26,low,US
CUST00745,ALERT000745,2023-02-25,structuring,2253,false_positive,12,high,DE
CUST00746,ALERT000746,2023-03-19,high_risk_jurisdiction,2624,false_positive,11,medium,AU
CUST00747,ALERT000747,2023-09-27,high_risk_jurisdiction,4782,false_positive,23,high,FR
CUST00748,ALERT000748,2023-07-25,velocity,195,false_positive,7,low,FR
CUST00749,ALERT000749,2023-10-08,velocity,3519,false_positive,17,low,FR
CUST00750,ALERT000750,2023-08-16,high_risk_jurisdiction,944,true_positive,18,low,SG
CUST00751,ALERT000751,2023-08-27,structuring,4123,false_positive,7,medium,BR
CUST00752,ALERT000752,2023-10-15,rapid_in_outflow,1057,false_positive,24,low,FR
CUST00753,ALERT000753,2023-03-23,large_value,1267,false_positive,20,medium,BR
CUST00754,ALERT000754,2023-11-30,rapid_in_outflow,2267,true_positive,6,low,BR
CUST00755,ALERT000755,2023-09-07,high_risk_jurisdiction,1040,false_positive,11,low,US
CUST00756,ALERT000756,2023-07-12,large_value,1852,false_positive,12,medium,SG
CUST00757,ALERT000757,2023-04-16,velocity,903,false_positive,26,medium,BR
CUST00758,ALERT000758,2023-07-08,rapid_in_outflow,476,false_positive,16,low,FR
CUST00759,ALERT000759,2023-10-03,high_risk_jurisdiction,8249,false_positive,19,high,SG
CUST00760,ALERT000760,2023-03-15,large_value,815,false_positive,23,low,FR
CUST00761,ALERT000761,2023-01-10,large_value,2493,false_positive,27,low,GB
CUST00762,ALERT000762,2023-05-03,velocity,6328,true_positive,19,medium,AU
CUST00763,ALERT000763,2023-08-04,structuring,1611,false_positive,11,high,GB
CUST00764,ALERT000764,2023-10-17,velocity,1306,true_positive,16,medium,GB
CUST00765,ALERT000765,2023-02-09,velocity,3737,false_positive,23,medium,US
CUST00766,ALERT000766,2023-07-12,rapid_in_outflow,9117,false_positive,28,medium,DE
CUST00767,ALERT000767,2023-05-07,rapid_in_outflow,925,false_positive,27,high,AU
CUST00768,ALERT000768,2023-10-16,velocity,2565,false_positive,12,low,US
CUST00769,ALERT000769,2023-03-12,velocity,527,false_positive,27,medium,FR
CUST00770,ALERT000770,2023-05-17,structuring,2011,true_positive,8,medium,US
CUST00771,ALERT000771,2023-05-24,structuring,3084,false_positive,3,low,FR
CUST00772,ALERT000772,2023-12-20,structuring,1268,true_positive,2,low,DE
CUST00773,ALERT000773,2023-10-26,rapid_in_outflow,1887,false_positive,28,low,BR
CUST00774,ALERT000774,2023-12-11,high_risk_jurisdiction,729,false_positive,6,medium,US
CUST00775,ALERT000775,2023-09-26,velocity,3219,true_positive,16,low,JP
CUST00776,ALERT000776,2023-05-19,structuring,8567,true_positive,20,medium,BR
CUST00777,ALERT000777,2023-02-21,large_value,995,false_positive,24,low,IN
CUST00778,ALERT000778,2023-01-17,rapid_in_outflow,1599,false_positive,29,low,US
CUST00779,ALERT000779,2023-06-14,large_value,4927,false_positive,15,medium,FR
CUST00780,ALERT000780,2023-01-13,rapid_in_outflow,10017,false_positive,14,low,AU
CUST00781,ALERT000781,2023-07-09,velocity,669,false_positive,2,low,US
CUST00782,ALERT000782,2023-12-06,large_value,2517,false_positive,20,low,FR
CUST00783,ALERT000783,2023-12-19,rapid_in_outflow,3956,false_positive,18,medium,DE
CUST00784,ALERT000784,2023-12-28,rapid_in_outflow,2691,false_positive,14,high,GB
CUST00785,ALERT000785,2023-12-18,structuring,250,false_positive,18,high,US
CUST00786,ALERT000786,2023-09-21,high_risk_jurisdiction,4920,false_positive,2,medium,HK
CUST00787,ALERT000787,2023-11-08,rapid_in_outflow,13620,false_positive,1,low,IN
CUST00788,ALERT000788,2023-08-09,large_value,3349,false_positive,20,low,HK
CUST00789,ALERT000789,2023-04-14,rapid_in_outflow,1063,false_positive,2,low,BR
CUST00790,ALERT000790,2023-12-05,high_risk_jurisdiction,1784,true_positive,9,low,BR
CUST00791,ALERT000791,2023-07-17,rapid_in_outflow,17499,false_positive,9,low,GB
CUST00792,ALERT000792,2023-10-27,velocity,7405,false_positive,16,low,GB
CUST00793,ALERT000793,2023-12-25,high_risk_jurisdiction,5653,false_positive,11,medium,BR
CUST00794,ALERT000794,2023-06-18,large_value,4257,true_positive,27,low,US
CUST00795,ALERT000795,2023-05-29,structuring,1538,false_positive,23,medium,SG
CUST00796,ALERT000796,2023-09-06,rapid_in_outflow,2439,false_positive,6,high,US
CUST00797,ALERT000797,2023-09-13,structuring,2757,false_positive,12,medium,IN
CUST00798,ALERT000798,2023-02-11,rapid_in_outflow,5164,false_positive,3,medium,BR
CUST00799,ALERT000799,2023-07-21,high_risk_jurisdiction,13479,false_positive,12,medium,HK
CUST00800,ALERT000800,2023-09-01,structuring,9121,false_positive,23,low,GB
CUST00801,ALERT000801,2023-06-06,velocity,720,false_positive,1,low,HK
CUST00802,ALERT000802,2023-10-13,rapid_in_outflow,3729,false_positive,9,low,BR
CUST00803,ALERT000803,2023-10-09,rapid_in_outflow,6227,false_positive,20,low,DE
CUST00804,ALERT000804,2023-08-26,high_risk_jurisdiction,5535,false_positive,22,medium,BR
CUST00805,ALERT000805,2023-01-19,velocity,1588,false_positive,6,high,JP
CUST00806,ALERT000806,2023-02-22,velocity,54946,false_positive,11,high,IN
CUST00807,ALERT000807,2023-03-26,large_value,831,false_positive,3,low,JP
CUST00808,ALERT000808,2023-09-30,large_value,1009,false_positive,4,high,AU
CUST00809,ALERT000809,2023-12-26,high_risk_jurisdiction,3765,true_positive,29,low,HK
CUST00810,ALERT000810,2023-08-01,large_value,24755,false_positive,27,medium,DE
CUST00811,ALERT000811,2023-12-27,rapid_in_outflow,1291,false_positive,10,low,IN
CUST00812,ALERT000812,2023-04-14,large_value,2285,true_positive,19,low,FR
CUST00813,ALERT000813,2023-07-11,structuring,8754,false_positive,29,low,AU
CUST00814,ALERT000814,2023-06-26,velocity,2928,false_positive,6,medium,SG
CUST00815,ALERT000815,2023-05-27,velocity,2133,false_positive,1,low,JP
CUST00816,ALERT000816,2023-03-22,rapid_in_outflow,5248,false_positive,8,low,IN
CUST00817,ALERT000817,2023-07-12,high_risk_jurisdiction,3914,false_positive,8,high,IN
CUST00818,ALERT000818,2023-02-06,velocity,8353,true_positive,25,high,JP
CUST00819,ALERT000819,2023-11-22,large_value,10845,true_positive,6,low,AU
CUST00820,ALERT000820,2023-06-03,structuring,4052,false_positive,17,medium,DE
CUST00821,ALERT000821,2023-05-10,high_risk_jurisdiction,3990,true_positive,19,low,DE
CUST00822,ALERT000822,2023-02-28,rapid_in_outflow,3692,false_positive,1,low,GB
CUST00823,ALERT000823,2023-08-12,high_risk_jurisdiction,4861,false_positive,15,low,US
CUST00824,ALERT000824,2023-09-06,large_value,3150,false_positive,13,low,AU
CUST00825,ALERT000825,2023-08-28,structuring,2979,false_positive,21,low,HK
CUST00826,ALERT000826,2023-10-20,rapid_in_outflow,9863,true_positive,3,low,HK
CUST00827,ALERT000827,2023-10-14,rapid_in_outflow,13576,true_positive,2,low,AU
CUST00828,ALERT000828,2023-07-23,large_value,660,false_positive,3,medium,JP
CUST00829,ALERT000829,2023-04-09,velocity,3010,false_positive,9,medium,HK
CUST00830,ALERT000830,2023-12-16,high_risk_jurisdiction,1497,false_positive,27,low,HK
CUST00831,ALERT000831,2023-06-25,high_risk_jurisdiction,2184,false_positive,16,low,US
CUST00832,ALERT000832,2023-09-19,high_risk_jurisdiction,4458,true_positive,24,medium,IN
CUST00833,ALERT000833,2023-09-28,high_risk_jurisdiction,5822,true_positive,13,medium,IN
CUST00834,ALERT000834,2023-05-23,large_value,2664,false_positive,19,medium,AU
CUST00835,ALERT000835,2023-07-08,structuring,439,false_positive,27,low,BR
CUST00836,ALERT000836,2023-09-29,large_value,1135,false_positive,18,low,IN
CUST00837,ALERT000837,2023-01-20,large_value,7306,false_positive,21,medium,JP
CUST00838,ALERT000838,2023-11-29,structuring,192,false_positive,12,low,FR
CUST00839,ALERT000839,2023-10-27,rapid_in_outflow,9773,false_positive,28,high,BR
CUST00840,ALERT000840,2023-02-15,rapid_in_outflow,5020,true_positive,29,medium,US
CUST00841,ALERT000841,2023-04-05,high_risk_jurisdiction,11116,false_positive,12,low,JP
CUST00842,ALERT000842,2023-03-05,high_risk_jurisdiction,2444,false_positive,1,low,DE
CUST00843,ALERT000843,2023-05-11,structuring,379,false_positive,20,medium,US
CUST00844,ALERT000844,2023-01-09,structuring,4584,true_positive,8,low,GB
CUST00845,ALERT000845,2023-07-22,structuring,10664,true_positive,17,low,HK
CUST00846,ALERT000846,2023-10-25,structuring,7515,true_positive,21,medium,SG
CUST00847,ALERT000847,2023-06-23,rapid_in_outflow,1536,false_positive,28,medium,DE
CUST00848,ALERT000848,2023-03-14,rapid_in_outflow,3251,false_positive,20,low,BR
CUST00849,ALERT000849,2023-03-25,high_risk_jurisdiction,1749,false_positive,22,low,JP
CUST00850,ALERT000850,2023-02-28,rapid_in_outflow,1313,true_positive,7,high,DE
CUST00851,ALERT000851,2023-01-21,velocity,7749,false_positive,9,high,GB
CUST00852,ALERT000852,2023-06-06,velocity,900,false_positive,17,medium,JP
CUST00853,ALERT000853,2023-11-15,large_value,1219,false_positive,27,high,SG
CUST00854,ALERT000854,2023-11-25,large_value,988,false_positive,10,low,BR
CUST00855,ALERT000855,2023-03-02,large_value,671,false_positive,4,low,US
CUST00856,ALERT000856,2023-03-05,rapid_in_outflow,3450,true_positive,22,low,AU
CUST00857,ALERT000857,2023-11-21,large_value,9523,false_positive,26,low,DE
CUST00858,ALERT000858,2023-06-17,high_risk_jurisdiction,2477,false_positive,7,low,SG
CUST00859,ALERT000859,2023-07-22,velocity,661,true_positive,7,low,GB
CUST00860,ALERT000860,2023-05-09,structuring,6904,false_positive,8,medium,DE
CUST00861,ALERT000861,2023-09-02,rapid_in_outflow,16085,false_positive,26,medium,FR
CUST00862,ALERT000862,2023-04-16,rapid_in_outflow,1562,false_positive,24,medium,FR
CUST00863,ALERT000863,2023-11-17,high_risk_jurisdiction,1847,false_positive,24,low,BR
CUST00864,ALERT000864,2023-05-02,velocity,4992,false_positive,8,low,US
CUST00865,ALERT000865,2023-11-14,velocity,15091,false_positive,16,low,BR
CUST00866,ALERT000866,2023-07-01,velocity,1772,false_positive,12,medium,BR
CUST00867,ALERT000867,2023-04-13,high_risk_jurisdiction,786,false_positive,15,low,HK
CUST00868,ALERT000868,2023-11-12,structuring,5605,false_positive,8,low,US
CUST00869,ALERT000869,2023-10-29,large_value,6628,false_positive,22,low,HK
CUST00870,ALERT000870,2023-09-18,high_risk_jurisdiction,2999,false_positive,9,medium,JP
CUST00871,ALERT000871,2023-04-23,rapid_in_outflow,1705,false_positive,3,medium,SG
CUST00872,ALERT000872,2023-03-11,high_risk_jurisdiction,8057,false_positive,22,medium,SG
CUST00873,ALERT000873,2023-06-09,structuring,5054,false_positive,21,low,US
CUST00874,ALERT000874,2023-08-28,rapid_in_outflow,1382,true_positive,16,low,US
CUST00875,ALERT000875,2023-01-11,large_value,3130,true_positive,15,low,JP
CUST00876,ALERT000876,2023-05-18,large_value,771,false_positive,24,low,SG
CUST00877,ALERT000877,2023-06-16,large_value,5918,false_positive,4,low,JP
CUST00878,ALERT000878,2023-09-04,large_value,2293,true_positive,20,low,AU
CUST00879,ALERT000879,2023-12-20,large_value,1928,false_positive,29,low,GB
CUST00880,ALERT000880,2023-01-31,rapid_in_outflow,2884,false_positive,16,low,FR
CUST00881,ALERT000881,2023-01-12,rapid_in_outflow,3103,false_positive,10,low,AU
CUST00882,ALERT000882,2023-08-31,velocity,7294,true_positive,11,medium,BR
CUST00883,ALERT000883,2023-04-18,rapid_in_outflow,5383,true_positive,26,high,DE
CUST00884,ALERT000884,2023-12-02,large_value,2549,false_positive,29,medium,HK
CUST00885,ALERT000885,2023-11-19,high_risk_jurisdiction,6397,true_positive,5,low,IN
CUST00886,ALERT000886,2023-07-13,velocity,4450,false_positive,11,low,DE
CUST00887,ALERT000887,2023-11-04,structuring,1945,true_positive,29,medium,US
CUST00888,ALERT000888,2023-05-13,rapid_in_outflow,2631,true_positive,13,low,GB
CUST00889,ALERT000889,2023-10-08,high_risk_jurisdiction,2570,false_positive,15,medium,AU
CUST00890,ALERT000890,2023-10-18,structuring,4940,false_positive,6,low,IN
CUST00891,ALERT000891,2023-06-12,structuring,2065,false_positive,16,high,IN
CUST00892,ALERT000892,2023-10-05,structuring,2017,false_positive,15,medium,US
CUST00893,ALERT000893,2023-07-22,velocity,21348,true_positive,11,medium,AU
CUST00894,ALERT000894,2023-04-06,velocity,7629,false_positive,20,medium,IN
CUST00895,ALERT000895,2023-08-11,high_risk_jurisdiction,1393,false_positive,2,low,AU
CUST00896,ALERT000896,2023-08-25,high_risk_jurisdiction,5276,false_positive,28,low,HK
CUST00897,ALERT000897,2023-04-27,structuring,3355,false_positive,28,low,HK
CUST00898,ALERT000898,2023-07-11,velocity,4409,true_positive,2,low,IN
CUST00899,ALERT000899,2023-10-03,large_value,3419,true_positive,12,low,IN
CUST00900,ALERT000900,2023-04-16,velocity,9795,true_positive,16,low,US
CUST00901,ALERT000901,2023-01-04,large_value,4211,true_positive,19,medium,AU
CUST00902,ALERT000902,2023-01-18,high_risk_jurisdiction,2801,true_positive,2,low,SG
CUST00903,ALERT000903,2023-11-03,velocity,8452,false_positive,17,low,JP
CUST00904,ALERT000904,2023-01-20,rapid_in_outflow,3764,false_positive,14,low,JP
CUST00905,ALERT000905,2023-05-02,high_risk_jurisdiction,3365,false_positive,24,low,DE
CUST00906,ALERT000906,2023-05-17,large_value,4080,false_positive,28,low,DE
CUST00907,ALERT000907,2023-03-21,rapid_in_outflow,2714,false_positive,16,high,IN
CUST00908,ALERT000908,2023-06-03,large_value,3008,false_positive,5,low,FR
CUST00909,ALERT000909,2023-12-24,rapid_in_outflow,1657,false_positive,10,low,HK
CUST00910,ALERT000910,2023-01-25,rapid_in_outflow,1406,false_positive,17,low,BR
CUST00911,ALERT000911,2023-06-18,velocity,1098,false_positive,13,low,AU
CUST00912,ALERT000912,2023-02-28,velocity,741,false_positive,16,medium,GB
CUST00913,ALERT000913,2023-10-28,large_value,1236,false_positive,9,low,GB
CUST00914,ALERT000914,2023-02-10,structuring,2504,false_positive,24,low,HK
CUST00915,ALERT000915,2023-02-07,large_value,3304,false_positive,4,low,DE
CUST00916,ALERT000916,2023-04-27,large_value,2272,false_positive,24,high,US
CUST00917,ALERT000917,2023-10-02,large_value,282,false_positive,29,low,GB
CUST00918,ALERT000918,2023-09-27,velocity,14394,false_positive,28,medium,IN
CUST00919,ALERT000919,2023-05-07,velocity,8835,true_positive,29,low,FR
CUST00920,ALERT000920,2023-01-03,large_value,4655,false_positive,26,low,GB
CUST00921,ALERT000921,2023-10-20,large_value,20080,false_positive,16,medium,JP
CUST00922,ALERT000922,2023-01-16,rapid_in_outflow,1121,false_positive,23,low,FR
CUST00923,ALERT000923,2023-09-22,high_risk_jurisdiction,19685,false_positive,27,low,FR
CUST00924,ALERT000924,2023-08-27,high_risk_jurisdiction,1135,false_positive,11,low,GB
CUST00925,ALERT000925,2023-09-20,rapid_in_outflow,3784,true_positive,7,low,US
CUST00926,ALERT000926,2023-05-14,structuring,833,true_positive,17,medium,US
CUST00927,ALERT000927,2023-08-01,rapid_in_outflow,3025,false_positive,22,low,DE
CUST00928,ALERT000928,2023-01-15,velocity,4385,false_positive,13,medium,HK
CUST00929,ALERT000929,2023-11-24,structuring,2553,true_positive,4,low,IN
CUST00930,ALERT000930,2023-12-26,high_risk_jurisdiction,6086,true_positive,14,low,BR
CUST00931,ALERT000931,2023-05-09,structuring,3291,false_positive,10,medium,SG
CUST00932,ALERT000932,2023-12-18,velocity,1767,false_positive,10,low,BR
CUST00933,ALERT000933,2023-05-02,rapid_in_outflow,1691,false_positive,10,low,JP
CUST00934,ALERT000934,2023-08-29,rapid_in_outflow,6707,true_positive,27,low,US
CUST00935,ALERT000935,2023-04-25,velocity,1550,false_positive,12,low,DE
CUST00936,ALERT000936,2023-07-16,large_value,7445,true_positive,2,medium,JP
CUST00937,ALERT000937,2023-08-10,large_value,10124,false_positive,26,low,BR
CUST00938,ALERT000938,2023-08-02,high_risk_jurisdiction,561,false_positive,23,low,FR
CUST00939,ALERT000939,2023-03-21,velocity,9255,false_positive,9,medium,HK
CUST00940,ALERT000940,2023-09-20,structuring,23398,true_positive,29,low,FR
CUST00941,ALERT000941,2023-05-15,velocity,3835,false_positive,5,low,BR
CUST00942,ALERT000942,2023-11-02,high_risk_jurisdiction,5426,false_positive,8,low,GB
CUST00943,ALERT000943,2023-08-30,large_value,8408,false_positive,21,medium,HK
CUST00944,ALERT000944,2023-10-30,high_risk_jurisdiction,2263,false_positive,14,high,DE
CUST00945,ALERT000945,2023-09-27,structuring,3577,true_positive,7,medium,AU
CUST00946,ALERT000946,2023-10-14,large_value,800,false_positive,7,low,FR
CUST00947,ALERT000947,2023-02-19,large_value,3424,false_positive,9,medium,GB
CUST00948,ALERT000948,2023-07-08,large_value,4905,false_positive,3,low,JP
CUST00949,ALERT000949,2023-10-24,high_risk_jurisdiction,4994,false_positive,14,low,AU
CUST00950,ALERT000950,2023-01-14,velocity,8650,false_positive,17,high,JP
CUST00951,ALERT000951,2023-08-20,structuring,1373,false_positive,18,low,US
CUST00952,ALERT000952,2023-09-18,velocity,1750,false_positive,12,low,AU
CUST00953,ALERT000953,2023-07-11,large_value,19841,false_positive,22,medium,HK
CUST00954,ALERT000954,2023-07-22,velocity,2564,false_positive,14,medium,US
CUST00955,ALERT000955,2023-09-18,velocity,3641,false_positive,26,low,HK
CUST00956,ALERT000956,2023-04-23,rapid_in_outflow,2787,false_positive,26,low,IN
CUST00957,ALERT000957,2023-12-18,velocity,1310,true_positive,28,low,GB
CUST00958,ALERT000958,2023-02-05,rapid_in_outflow,15116,true_positive,13,low,BR
CUST00959,ALERT000959,2023-03-20,velocity,1758,false_positive,14,low,JP
CUST00960,ALERT000960,2023-10-02,velocity,965,true_positive,9,low,BR
CUST00961,ALERT000961,2023-10-05,structuring,1899,false_positive,19,high,AU
CUST00962,ALERT000962,2023-06-11,high_risk_jurisdiction,402,false_positive,26,low,FR
CUST00963,ALERT000963,2023-11-08,large_value,1554,false_positive,2,low,FR
CUST00964,ALERT000964,2023-01-17,high_risk_jurisdiction,1132,false_positive,11,low,JP
CUST00965,ALERT000965,2023-07-23,rapid_in_outflow,5527,false_positive,17,low,US
CUST00966,ALERT000966,2023-01-17,structuring,1520,false_positive,2,low,JP
CUST00967,ALERT000967,2023-07-21,structuring,7243,true_positive,19,high,IN
CUST00968,ALERT000968,2023-07-29,velocity,12070,false_positive,7,medium,IN
CUST00969,ALERT000969,2023-03-19,large_value,6510,false_positive,18,low,BR
CUST00970,ALERT000970,2023-02-25,velocity,2403,false_positive,13,medium,AU
CUST00971,ALERT000971,2023-03-21,velocity,3432,false_positive,5,low,IN
CUST00972,ALERT000972,2023-11-02,structuring,648,false_positive,18,medium,GB
CUST00973,ALERT000973,2023-02-27,large_value,2607,false_positive,23,low,US
CUST00974,ALERT000974,2023-01-18,large_value,1260,true_positive,26,medium,US
CUST00975,ALERT000975,2023-07-27,large_value,5968,true_positive,24,low,IN
CUST00976,ALERT000976,2023-05-15,structuring,39056,false_positive,24,low,SG
CUST00977,ALERT000977,2023-11-28,structuring,4913,true_positive,29,medium,FR
CUST00978,ALERT000978,2023-01-10,velocity,407,false_positive,16,low,SG
CUST00979,ALERT000979,2023-03-10,rapid_in_outflow,2077,false_positive,15,low,AU
CUST00980,ALERT000980,2023-12-07,rapid_in_outflow,3369,false_positive,8,low,AU
CUST00981,ALERT000981,2023-03-24,structuring,3253,false_positive,26,medium,HK
CUST00982,ALERT000982,2023-04-19,velocity,1435,true_positive,15,low,AU
CUST00983,ALERT000983,2023-02-13,velocity,3809,true_positive,25,low,HK
CUST00984,ALERT000984,2023-05-12,velocity,860,false_positive,1,high,US
CUST00985,ALERT000985,2023-01-18,high_risk_jurisdiction,1158,false_positive,28,low,GB
CUST00986,ALERT000986,2023-04-03,structuring,5686,false_positive,17,low,DE
CUST00987,ALERT000987,2023-10-21,velocity,1079,false_positive,15,medium,FR
CUST00988,ALERT000988,2023-05-28,high_risk_jurisdiction,5106,true_positive,14,medium,HK
CUST00989,ALERT000989,2023-06-21,rapid_in_outflow,757,false_positive,14,high,BR
CUST00990,ALERT000990,2023-02-20,large_value,17410,false_positive,10,low,GB
CUST00991,ALERT000991,2023-01-19,large_value,1374,false_positive,2,low,JP
CUST00992,ALERT000992,2023-04-30,structuring,2383,true_positive,27,medium,BR
CUST00993,ALERT000993,2023-11-20,large_value,4148,false_positive,6,medium,GB
CUST00994,ALERT000994,2023-08-13,rapid_in_outflow,1693,false_positive,17,medium,BR
CUST00995,ALERT000995,2023-03-07,rapid_in_outflow,3440,true_positive,5,low,IN
CUST00996,ALERT000996,2023-05-21,high_risk_jurisdiction,5299,false_positive,5,low,BR
CUST00997,ALERT000997,2023-07-08,rapid_in_outflow,7790,true_positive,15,low,HK
CUST00998,ALERT000998,2023-06-07,structuring,6578,false_positive,15,high,GB
CUST00999,ALERT000999,2023-04-08,large_value,2510,false_positive,20,low,JP
